{
  "alpha": 0.12472199533448569,
  "beta": 51.560447692871094,
  "batch_thresh": 16.0,
  "gamma": 0.0869145765024073,
  "bandwidth_GBps": 12.896182737848177,
  "bytes_per_token": 147456
}