{
  "alpha": 0.14518018578871728,
  "beta": 33.10305595397949,
  "batch_thresh": 16.0,
  "gamma": 0.13023502931875341,
  "bandwidth_GBps": 392.15363966036676,
  "bytes_per_token": 147456
}